{
    "name": "root",
    "gauges": {
        "KartAgent.Policy.Entropy.mean": {
            "value": 1.9612659215927124,
            "min": 1.4353681802749634,
            "max": 1.9754207134246826,
            "count": 40
        },
        "KartAgent.Policy.Entropy.sum": {
            "value": 97977.0,
            "min": 73127.03125,
            "max": 102014.03125,
            "count": 40
        },
        "KartAgent.Environment.EpisodeLength.mean": {
            "value": 253.05102040816325,
            "min": 242.33809523809524,
            "max": 967.8076923076923,
            "count": 40
        },
        "KartAgent.Environment.EpisodeLength.sum": {
            "value": 49598.0,
            "min": 46001.0,
            "max": 54335.0,
            "count": 40
        },
        "KartAgent.Step.mean": {
            "value": 1999730.0,
            "min": 49340.0,
            "max": 1999730.0,
            "count": 40
        },
        "KartAgent.Step.sum": {
            "value": 1999730.0,
            "min": 49340.0,
            "max": 1999730.0,
            "count": 40
        },
        "KartAgent.Policy.ExtrinsicValueEstimate.mean": {
            "value": 0.1869029998779297,
            "min": -0.18422015011310577,
            "max": 0.20877216756343842,
            "count": 40
        },
        "KartAgent.Policy.ExtrinsicValueEstimate.sum": {
            "value": 36.63298797607422,
            "min": -16.935239791870117,
            "max": 42.58952331542969,
            "count": 40
        },
        "KartAgent.Environment.CumulativeReward.mean": {
            "value": 0.15524994019342928,
            "min": -1.0424238102776664,
            "max": 0.49404270024526686,
            "count": 40
        },
        "KartAgent.Environment.CumulativeReward.sum": {
            "value": 30.42898827791214,
            "min": -102.97139988094568,
            "max": 65.06485176086426,
            "count": 40
        },
        "KartAgent.Policy.ExtrinsicReward.mean": {
            "value": 0.15524994019342928,
            "min": -1.0424238102776664,
            "max": 0.49404270024526686,
            "count": 40
        },
        "KartAgent.Policy.ExtrinsicReward.sum": {
            "value": 30.42898827791214,
            "min": -102.97139988094568,
            "max": 65.06485176086426,
            "count": 40
        },
        "KartAgent.Losses.PolicyLoss.mean": {
            "value": 0.02223403615131974,
            "min": 0.021226213420741262,
            "max": 0.027280759887769818,
            "count": 40
        },
        "KartAgent.Losses.PolicyLoss.sum": {
            "value": 0.11117018075659871,
            "min": 0.08698738674866036,
            "max": 0.1364037994388491,
            "count": 40
        },
        "KartAgent.Losses.ValueLoss.mean": {
            "value": 0.007820848112925886,
            "min": 0.002859775634016842,
            "max": 0.11366236770525574,
            "count": 40
        },
        "KartAgent.Losses.ValueLoss.sum": {
            "value": 0.03910424056462943,
            "min": 0.011686211361084133,
            "max": 0.45464947082102297,
            "count": 40
        },
        "KartAgent.Policy.LearningRate.mean": {
            "value": 3.985029867166004e-05,
            "min": 3.985029867166004e-05,
            "max": 0.0029600512513316252,
            "count": 40
        },
        "KartAgent.Policy.LearningRate.sum": {
            "value": 0.0001992514933583002,
            "min": 0.0001992514933583002,
            "max": 0.014445795018473501,
            "count": 40
        },
        "KartAgent.Policy.Epsilon.mean": {
            "value": 0.10132833999999999,
            "min": 0.10132833999999999,
            "max": 0.198668375,
            "count": 40
        },
        "KartAgent.Policy.Epsilon.sum": {
            "value": 0.5066417,
            "min": 0.42505475000000004,
            "max": 0.9815265000000002,
            "count": 40
        },
        "KartAgent.Policy.Beta.mean": {
            "value": 7.628416600000006e-05,
            "min": 7.628416600000006e-05,
            "max": 0.0049335519125000005,
            "count": 40
        },
        "KartAgent.Policy.Beta.sum": {
            "value": 0.0003814208300000003,
            "min": 0.0003814208300000003,
            "max": 0.02407817235,
            "count": 40
        },
        "KartAgent.IsTraining.mean": {
            "value": 1.0,
            "min": 1.0,
            "max": 1.0,
            "count": 40
        },
        "KartAgent.IsTraining.sum": {
            "value": 1.0,
            "min": 1.0,
            "max": 1.0,
            "count": 40
        }
    },
    "metadata": {
        "timer_format_version": "0.1.0",
        "start_time_seconds": "1639313288",
        "python_version": "3.7.12 | packaged by conda-forge | (default, Oct 26 2021, 05:35:01) [MSC v.1916 64 bit (AMD64)]",
        "command_line_arguments": "C:\\Users\\TMANN2\\miniconda3\\envs\\mlagents\\Scripts\\mlagents-learn training_config.yaml --run-id=my_karts_1",
        "mlagents_version": "0.27.0",
        "mlagents_envs_version": "0.27.0",
        "communication_protocol_version": "1.5.0",
        "pytorch_version": "1.7.1+cu110",
        "numpy_version": "1.21.4",
        "end_time_seconds": "1639315451"
    },
    "total": 2162.7096862,
    "count": 1,
    "self": 0.008977799999684066,
    "children": {
        "run_training.setup": {
            "total": 0.08203290000000019,
            "count": 1,
            "self": 0.08203290000000019
        },
        "TrainerController.start_learning": {
            "total": 2162.6186755000003,
            "count": 1,
            "self": 3.9548532000053456,
            "children": {
                "TrainerController._reset_env": {
                    "total": 7.056835999999999,
                    "count": 1,
                    "self": 7.056835999999999
                },
                "TrainerController.advance": {
                    "total": 2151.5428631999953,
                    "count": 171605,
                    "self": 2.0310752000123102,
                    "children": {
                        "env_step": {
                            "total": 2149.511787999983,
                            "count": 171605,
                            "self": 1313.5597144999606,
                            "children": {
                                "SubprocessEnvManager._take_step": {
                                    "total": 833.8226275000055,
                                    "count": 171605,
                                    "self": 10.258337499973322,
                                    "children": {
                                        "TorchPolicy.evaluate": {
                                            "total": 823.5642900000322,
                                            "count": 166908,
                                            "self": 69.84463450001158,
                                            "children": {
                                                "TorchPolicy.sample_actions": {
                                                    "total": 753.7196555000206,
                                                    "count": 166908,
                                                    "self": 753.7196555000206
                                                }
                                            }
                                        }
                                    }
                                },
                                "workers": {
                                    "total": 2.1294460000169906,
                                    "count": 171605,
                                    "self": 0.0,
                                    "children": {
                                        "worker_root": {
                                            "total": 2151.678057999965,
                                            "count": 171605,