{
    "name": "root",
    "gauges": {
        "KartAgent.Policy.Entropy.mean": {
            "value": 1.145914077758789,
            "min": 1.145914077758789,
            "max": 1.4067721366882324,
            "count": 40
        },
        "KartAgent.Policy.Entropy.sum": {
            "value": 53720.44921875,
            "min": 52873.17578125,
            "max": 76162.640625,
            "count": 40
        },
        "KartAgent.Environment.EpisodeLength.mean": {
            "value": 275.5174418604651,
            "min": 274.4623655913978,
            "max": 299.1111111111111,
            "count": 40
        },
        "KartAgent.Environment.EpisodeLength.sum": {
            "value": 47389.0,
            "min": 45882.0,
            "max": 53840.0,
            "count": 40
        },
        "KartAgent.Step.mean": {
            "value": 1999710.0,
            "min": 49820.0,
            "max": 1999710.0,
            "count": 40
        },
        "KartAgent.Step.sum": {
            "value": 1999710.0,
            "min": 49820.0,
            "max": 1999710.0,
            "count": 40
        },
        "KartAgent.Policy.ExtrinsicValueEstimate.mean": {
            "value": 0.1718348115682602,
            "min": -0.113266222178936,
            "max": 0.1718348115682602,
            "count": 40
        },
        "KartAgent.Policy.ExtrinsicValueEstimate.sum": {
            "value": 31.102100372314453,
            "min": -18.80219268798828,
            "max": 31.102100372314453,
            "count": 40
        },
        "KartAgent.Environment.CumulativeReward.mean": {
            "value": 0.994404582358197,
            "min": -0.8179881303874125,
            "max": 0.994404582358197,
            "count": 40
        },
        "KartAgent.Environment.CumulativeReward.sum": {
            "value": 179.98722940683365,
            "min": -135.78602964431047,
            "max": 179.98722940683365,
            "count": 40
        },
        "KartAgent.Policy.ExtrinsicReward.mean": {
            "value": 0.994404582358197,
            "min": -0.8179881303874125,
            "max": 0.994404582358197,
            "count": 40
        },
        "KartAgent.Policy.ExtrinsicReward.sum": {
            "value": 179.98722940683365,
            "min": -135.78602964431047,
            "max": 179.98722940683365,
            "count": 40
        },
        "KartAgent.Losses.PolicyLoss.mean": {
            "value": 0.02496366594277788,
            "min": 0.021828055722173303,
            "max": 0.02630803105980158,
            "count": 40
        },
        "KartAgent.Losses.PolicyLoss.sum": {
            "value": 0.09985466377111152,
            "min": 0.09016944565386935,
            "max": 0.1315401552990079,
            "count": 40
        },
        "KartAgent.Losses.ValueLoss.mean": {
            "value": 0.062201841343194245,
            "min": 0.03030314804478125,
            "max": 0.1062119843861596,
            "count": 40
        },
        "KartAgent.Losses.ValueLoss.sum": {
            "value": 0.24880736537277698,
            "min": 0.121212592179125,
            "max": 0.4248479375446384,
            "count": 40
        },
        "KartAgent.Policy.LearningRate.mean": {
            "value": 3.678647377378754e-05,
            "min": 3.678647377378754e-05,
            "max": 0.0029549700015009993,
            "count": 40
        },
        "KartAgent.Policy.LearningRate.sum": {
            "value": 0.00014714589509515015,
            "min": 0.00014714589509515015,
            "max": 0.012931614068946197,
            "count": 40
        },
        "KartAgent.Policy.Epsilon.mean": {
            "value": 0.10122621250000002,
            "min": 0.10122621250000002,
            "max": 0.198499,
            "count": 40
        },
        "KartAgent.Policy.Epsilon.sum": {
            "value": 0.4049048500000001,
            "min": 0.4049048500000001,
            "max": 0.9310538000000002,
            "count": 40
        },
        "KartAgent.Policy.Beta.mean": {
            "value": 3.440162875000003e-05,
            "min": 3.440162875000003e-05,
            "max": 0.0019701301000000005,
            "count": 40
        },
        "KartAgent.Policy.Beta.sum": {
            "value": 0.0001376065150000001,
            "min": 0.0001376065150000001,
            "max": 0.00862797062,
            "count": 40
        },
        "KartAgent.IsTraining.mean": {
            "value": 1.0,
            "min": 1.0,
            "max": 1.0,
            "count": 40
        },
        "KartAgent.IsTraining.sum": {
            "value": 1.0,
            "min": 1.0,
            "max": 1.0,
            "count": 40
        }
    },
    "metadata": {
        "timer_format_version": "0.1.0",
        "start_time_seconds": "1639359524",
        "python_version": "3.7.12 | packaged by conda-forge | (default, Oct 26 2021, 05:35:01) [MSC v.1916 64 bit (AMD64)]",
        "command_line_arguments": "C:\\Users\\TMANN2\\miniconda3\\envs\\mlagents\\Scripts\\mlagents-learn my_training_config.yaml --run-id=my_karts_random_3",
        "mlagents_version": "0.27.0",
        "mlagents_envs_version": "0.27.0",
        "communication_protocol_version": "1.5.0",
        "pytorch_version": "1.7.1+cu110",
        "numpy_version": "1.21.4",
        "end_time_seconds": "1639361515"
    },
    "total": 1990.9094732,
    "count": 1,
    "self": 0.007651699999996708,
    "children": {
        "run_training.setup": {
            "total": 0.0777582,
            "count": 1,
            "self": 0.0777582
        },
        "TrainerController.start_learning": {
            "total": 1990.8240633,
            "count": 1,
            "self": 2.5146131000265086,
            "children": {
                "TrainerController._reset_env": {
                    "total": 8.7735957,
                    "count": 1,
                    "self": 8.7735957
                },
                "TrainerController.advance": {
                    "total": 1979.4795242999737,
                    "count": 104572,
                    "self": 1.3648342999856595,
                    "children": {
                        "env_step": {
                            "total": 1978.114689999988,
                            "count": 104572,
                            "self": 1212.3886731000202,
                            "children": {
                                "SubprocessEnvManager._take_step": {
                                    "total": 764.3626187999585,
                                    "count": 104572,
                                    "self": 7.009740199960788,
                                    "children": {
                                        "TorchPolicy.evaluate": {
                                            "total": 757.3528785999977,
                                            "count": 100132,
                                            "self": 52.392888300022605,
                                            "children": {
                                                "TorchPolicy.sample_actions": {
                                                    "total": 704.9599902999751,
                                                    "count": 100132,
                                                    "self": 704.9599902999751
                                                }
                                            }
                                        }
                                    }
                                },
                                "workers": {
                                    "total": 1.3633981000094924,
                                    "count": 104572,
                                    "self": 0.0,
                                    "children": {
                                        "worker_root": {
                                            "total": 1979.3981072000026,
                                            "count": 104572,