{"count":1,"self":614.38335999999993,"total":617.236726,"children":{"InitializeActuators":{"count":20,"self":0.0010012999999999999,"total":0.0010012999999999999,"children":null},"InitializeSensors":{"count":20,"self":0.0030031999999999997,"total":0.0030031999999999997,"children":null},"AgentSendState":{"count":4882,"self":0.73936479999999993,"total":0.828457,"children":{"CollectObservations":{"count":19540,"self":0.0450486,"total":0.0450486,"children":null},"WriteActionMask":{"count":19540,"self":0.0120107,"total":0.0120107,"children":null},"RequestDecision":{"count":19540,"self":0.032032899999999996,"total":0.032032899999999996,"children":null}}},"DecideAction":{"count":4882,"self":1.5624757,"total":1.6025148,"children":{"RayPerceptionSensor.Perceive":{"count":39080,"self":0.0400391,"total":0.0400391,"children":null}}},"AgentAct":{"count":4882,"self":0.41839139999999997,"total":0.41839139999999997,"children":null}},"gauges":{"KartAgent.CumulativeReward":{"count":23,"max":0.5873992,"min":0.143617555,"runningAverage":0.31590423,"value":0.5873992,"weightedAverage":0.399593323}},"metadata":{"timer_format_version":"0.1.0","start_time_seconds":"1639530421","unity_version":"2020.3.12f1","command_line_arguments":"C:\\Users\\TERRELL\\Documents\\_t\\2020.3.12f1\\Editor\\Unity.exe -projectpath E:\/GitHub\/599G1-Project\/Deep Learning Final Project -useHub -hubIPC -cloudEnvironment production -hubSessionId 590d0450-5886-11ec-8741-23f530f2645f -accessToken Iy9Q5_GQ5bGA2LeJSHOoTTXaxgO4Nv6kr4ksKkM4mlg001f","communication_protocol_version":"1.5.0","com.unity.ml-agents_version":"2.0.1","scene_name":"TrackGen Demo Length","end_time_seconds":"1639531039"}}