{"count":1,"self":585.8390016,"total":2196.6175756,"children":{"InitializeActuators":{"count":20,"self":0.0020019,"total":0.0020019,"children":null},"InitializeSensors":{"count":20,"self":0.0020015,"total":0.0020015,"children":null},"AgentSendState":{"count":501567,"self":61.695654399999995,"total":110.9964564,"children":{"CollectObservations":{"count":2006280,"self":4.1568632,"total":4.1568634,"children":null},"WriteActionMask":{"count":2006280,"self":1.197775,"total":1.197775,"children":null},"RequestDecision":{"count":2006280,"self":4.4041988,"total":43.9461625,"children":{"AgentInfo.ToProto":{"count":2006280,"self":3.9260735999999996,"total":39.5419637,"children":{"GenerateSensorData":{"count":2006280,"self":31.608310399999997,"total":35.615890199999996,"children":{"RayPerceptionSensor.Perceive":{"count":4012560,"self":4.0075784,"total":4.0075785999999995,"children":null}}}}}}}}},"DecideAction":{"count":501567,"self":1471.1237632,"total":1471.1237371999998,"children":null},"AgentAct":{"count":501567,"self":28.5092704,"total":28.5092707,"children":null},"AgentInfo.ToProto":{"count":3636,"self":0.0210182,"total":0.1430891,"children":{"GenerateSensorData":{"count":3636,"self":0.1120636,"total":0.1220709,"children":{"RayPerceptionSensor.Perceive":{"count":7272,"self":0.0100073,"total":0.0100073,"children":null}}}}}},"gauges":{"KartAgent.CumulativeReward":{"count":3636,"max":0.9914,"min":-4.31520557,"runningAverage":-1.12800944,"value":0.329405546,"weightedAverage":0.406060636}},"metadata":{"timer_format_version":"0.1.0","start_time_seconds":"1639475826","unity_version":"2020.3.12f1","command_line_arguments":"C:\\Users\\TERRELL\\Documents\\_t\\2020.3.12f1\\Editor\\Unity.exe -projectpath E:\/Unity\/Projects\/Deep Learning Final Project -useHub -hubIPC -cloudEnvironment production -hubSessionId 590d0450-5886-11ec-8741-23f530f2645f -accessToken e46pOM87h6nojvBGYvCKqb_270NfOVzxcIdEmSB8hsA001f","communication_protocol_version":"1.5.0","com.unity.ml-agents_version":"2.0.1","scene_name":"TrackGenTest","end_time_seconds":"1639478023"}}