{
    "name": "root",
    "gauges": {
        "KartAgent.Policy.Entropy.mean": {
            "value": 1.8339054584503174,
            "min": 1.4040701389312744,
            "max": 2.0024449825286865,
            "count": 40
        },
        "KartAgent.Policy.Entropy.sum": {
            "value": 89457.90625,
            "min": 65426.5703125,
            "max": 104108.5,
            "count": 40
        },
        "KartAgent.WallPenalty.mean": {
            "value": -0.00019999999494757503,
            "min": -0.00019999999494757503,
            "max": -0.00019999999494757503,
            "count": 40
        },
        "KartAgent.WallPenalty.sum": {
            "value": -7.467799811347504,
            "min": -17.49059955815028,
            "max": -7.467799811347504,
            "count": 40
        },
        "KartAgent.Environment.EpisodeLength.mean": {
            "value": 512.2736842105263,
            "min": 237.25238095238095,
            "max": 1068.7619047619048,
            "count": 40
        },
        "KartAgent.Environment.EpisodeLength.sum": {
            "value": 48666.0,
            "min": 44888.0,
            "max": 54872.0,
            "count": 40
        },
        "KartAgent.Step.mean": {
            "value": 1999671.0,
            "min": 49833.0,
            "max": 1999671.0,
            "count": 40
        },
        "KartAgent.Step.sum": {
            "value": 1999671.0,
            "min": 49833.0,
            "max": 1999671.0,
            "count": 40
        },
        "KartAgent.Policy.ExtrinsicValueEstimate.mean": {
            "value": 0.053162410855293274,
            "min": -0.2707975208759308,
            "max": 0.053162410855293274,
            "count": 40
        },
        "KartAgent.Policy.ExtrinsicValueEstimate.sum": {
            "value": 5.156754016876221,
            "min": -51.54320526123047,
            "max": 5.156754016876221,
            "count": 40
        },
        "KartAgent.Environment.CumulativeReward.mean": {
            "value": 0.40818965158511683,
            "min": -1.7784087338309358,
            "max": 0.40818965158511683,
            "count": 40
        },
        "KartAgent.Environment.CumulativeReward.sum": {
            "value": 39.59439620375633,
            "min": -248.1634042263031,
            "max": 39.59439620375633,
            "count": 40
        },
        "KartAgent.Policy.ExtrinsicReward.mean": {
            "value": 0.40818965158511683,
            "min": -1.7784087338309358,
            "max": 0.40818965158511683,
            "count": 40
        },
        "KartAgent.Policy.ExtrinsicReward.sum": {
            "value": 39.59439620375633,
            "min": -248.1634042263031,
            "max": 39.59439620375633,
            "count": 40
        },
        "KartAgent.Losses.PolicyLoss.mean": {
            "value": 0.025794308662298135,
            "min": 0.021232523234561086,
            "max": 0.025794308662298135,
            "count": 40
        },
        "KartAgent.Losses.PolicyLoss.sum": {
            "value": 0.10317723464919254,
            "min": 0.08929923428222537,
            "max": 0.12802075605924157,
            "count": 40
        },
        "KartAgent.Losses.ValueLoss.mean": {
            "value": 0.014869018429890276,
            "min": 0.006914620950818062,
            "max": 0.04981151557527483,
            "count": 40
        },
        "KartAgent.Losses.ValueLoss.sum": {
            "value": 0.0594760737195611,
            "min": 0.03130040801130235,
            "max": 0.1992460623010993,
            "count": 40
        },
        "KartAgent.Policy.LearningRate.mean": {
            "value": 3.838772372041246e-05,
            "min": 3.838772372041246e-05,
            "max": 0.0029611998762933377,
            "count": 40
        },
        "KartAgent.Policy.LearningRate.sum": {
            "value": 0.00015355089488164984,
            "min": 0.00015355089488164984,
            "max": 0.0144557430181419,
            "count": 40
        },
        "KartAgent.Policy.Epsilon.mean": {
            "value": 0.1012795875,
            "min": 0.1012795875,
            "max": 0.1987066625,
            "count": 40
        },
        "KartAgent.Policy.Epsilon.sum": {
            "value": 0.40511835,
            "min": 0.40511835,
            "max": 0.9818581000000001,
            "count": 40
        },
        "KartAgent.Policy.Beta.mean": {
            "value": 3.546379124999997e-05,
            "min": 3.546379124999997e-05,
            "max": 0.0019742625837500002,
            "count": 40
        },
        "KartAgent.Policy.Beta.sum": {
            "value": 0.00014185516499999989,
            "min": 0.00014185516499999989,
            "max": 0.00963897619,
            "count": 40
        },
        "KartAgent.IsTraining.mean": {
            "value": 1.0,
            "min": 1.0,
            "max": 1.0,
            "count": 40
        },
        "KartAgent.IsTraining.sum": {
            "value": 1.0,
            "min": 1.0,
            "max": 1.0,
            "count": 40
        }
    },
    "metadata": {
        "timer_format_version": "0.1.0",
        "start_time_seconds": "1639475818",
        "python_version": "3.7.12 | packaged by conda-forge | (default, Oct 26 2021, 05:35:01) [MSC v.1916 64 bit (AMD64)]",
        "command_line_arguments": "C:\\Users\\TMANN2\\miniconda3\\envs\\mlagents\\Scripts\\mlagents-learn my_training_config.yaml --run-id=my_karts_longrandom_2l_256u",
        "mlagents_version": "0.27.0",
        "mlagents_envs_version": "0.27.0",
        "communication_protocol_version": "1.5.0",
        "pytorch_version": "1.7.1+cu110",
        "numpy_version": "1.21.4",
        "end_time_seconds": "1639478022"
    },
    "total": 2204.2194397000003,
    "count": 1,
    "self": 0.007839500000500266,
    "children": {
        "run_training.setup": {
            "total": 0.08674990000000005,
            "count": 1,
            "self": 0.08674990000000005
        },
        "TrainerController.start_learning": {
            "total": 2204.1248502999997,
            "count": 1,
            "self": 2.6319345000270005,
            "children": {
                "TrainerController._reset_env": {
                    "total": 9.388990399999999,
                    "count": 1,
                    "self": 9.388990399999999
                },
                "TrainerController.advance": {
                    "total": 2192.046292199973,
                    "count": 103556,
                    "self": 1.4218306000097982,
                    "children": {
                        "env_step": {
                            "total": 2190.624461599963,
                            "count": 103556,
                            "self": 1422.8838849999377,
                            "children": {
                                "SubprocessEnvManager._take_step": {
                                    "total": 766.3907337999964,
                                    "count": 103556,
                                    "self": 6.899655600014398,
                                    "children": {
                                        "TorchPolicy.evaluate": {
                                            "total": 759.491078199982,
                                            "count": 100312,
                                            "self": 58.09431789999371,
                                            "children": {
                                                "TorchPolicy.sample_actions": {
                                                    "total": 701.3967602999883,
                                                    "count": 100312,
                                                    "self": 701.3967602999883
                                                }
                                            }
                                        }
                                    }
                                },